"Name";"ontologyTermName";"ontologyTermIRI";"score";"validated";"review"
"twinborn in hospital";"Short tibia";"http://purl.obolibrary.org/obo/HP_0005736";"46.67";"false";"false"
"other multiple birth three or more mates all liveborn born before admission to hospital";"Natal tooth";"http://purl.obolibrary.org/obo/HP_0000695";"40.48";"false";"false"
"other urinary problems";"Memory impairment";"http://purl.obolibrary.org/obo/HP_0002354";"64.52";"false";"false"
"status post amputation of upper limb";"Upper limb postural tremor";"http://purl.obolibrary.org/obo/HP_0007351";"60.38";"false";"false"
"thumb amputation status";"Spatulate thumbs";"http://purl.obolibrary.org/obo/HP_0001222";"58.06";"false";"false"
"level upper limb amputation status";"Distal upper limb amyotrophy";"http://purl.obolibrary.org/obo/HP_0007149";"55.17";"false";"false"
"wrist amputation status";"Stiff wrist";"http://purl.obolibrary.org/obo/HP_0025260";"53.33";"false";"false"
"other fingers amputation status";"Osteomyelitis leading to amputation due to slow healing fractures";"http://purl.obolibrary.org/obo/HP_0005010";"35.48";"false";"false"
"hand amputation status";"Atypical absence status epilepticus";"http://purl.obolibrary.org/obo/HP_0011151";"53.33";"false";"false"
"other multiple birth three or more mates all stillborn born outside of hospital and not hospitalized";"Short distal phalanx of the 5th toe";"http://purl.obolibrary.org/obo/HP_0100391";"41.3";"false";"false"
"long-term current use of antiplateletantithrombotic";"Prolonged miniature endplate currents";"http://purl.obolibrary.org/obo/HP_0003436";"43.04";"false";"false"
"long-term current use of non-steroidal anti-inflammatories nsaid";"Abnormal inflammatory response";"http://purl.obolibrary.org/obo/HP_0012647";"49.41";"false";"false"
"long-term current use of steroids";"Prolonged miniature endplate currents";"http://purl.obolibrary.org/obo/HP_0003436";"41.94";"false";"false"
"long-term current use of aspirin";"Exacerbated by aspirin ingestion";"http://purl.obolibrary.org/obo/HP_0032365";"42.31";"false";"false"
"long-term current use of insulin";"Prolonged miniature endplate currents";"http://purl.obolibrary.org/obo/HP_0003436";"41.94";"false";"false"
"long term current use of bisphosphonates";"Abnormal urine phosphate concentration";"http://purl.obolibrary.org/obo/HP_0012599";"47.62";"false";"false"
"long-term current use of other medications";"Long term memory impairment";"http://purl.obolibrary.org/obo/HP_0033688";"53.06";"false";"false"
"multiparity";"Multiple palmar creases";"http://purl.obolibrary.org/obo/HP_0006114";"60";"false";"false"
"suicidal ideation";"Suicidal ideation";"http://purl.obolibrary.org/obo/HP_0031589";"100";"false";"false"
"homicidal ideation";"Suicidal ideation";"http://purl.obolibrary.org/obo/HP_0031589";"74.07";"false";"false"
"other multiple birth three or more mates liveborn and stillborn";"Stillbirth";"http://purl.obolibrary.org/obo/HP_0003826";"49.23";"false";"false"
"convalescence following radiotherapy";"Sclerotic radial epiphyses";"http://purl.obolibrary.org/obo/HP_0004007";"37.74";"false";"false"
"vaccination not carried out because of allergy to vaccine or component";"Triggered by vaccination";"http://purl.obolibrary.org/obo/HP_0025219";"49.32";"false";"false"
"encounter for insulin pump training";"Insulin insensitivity";"http://purl.obolibrary.org/obo/HP_0008189";"50";"false";"false"
"below elbow amputation status";"Stiff elbow";"http://purl.obolibrary.org/obo/HP_0025259";"53.33";"false";"false"
"above elbow amputation status";"Stiff elbow";"http://purl.obolibrary.org/obo/HP_0025259";"53.33";"false";"false"
"shoulder amputation status";"Moderately short stature";"http://purl.obolibrary.org/obo/HP_0008848";"60";"false";"false"
"other multiple birth three or more mates all liveborn born outside hospital and not hospitalized";"Short distal phalanx of the 5th toe";"http://purl.obolibrary.org/obo/HP_0100391";"41.76";"false";"false"
"lower limb amputation status";"Short lower limbs";"http://purl.obolibrary.org/obo/HP_0006385";"65";"false";"false"
"level lower limb amputation status";"Short lower limbs";"http://purl.obolibrary.org/obo/HP_0006385";"56.52";"false";"false"
"great toe amputation status";"Hallux valgus";"http://purl.obolibrary.org/obo/HP_0001822";"53.33";"false";"false"
"other toes amputation status";"Autoamputation";"http://purl.obolibrary.org/obo/HP_0001218";"53.85";"false";"false"
"foot amputation status";"Autoamputation of foot";"http://purl.obolibrary.org/obo/HP_0001868";"68.75";"false";"false"
"ankle amputation status";"Stiff ankle";"http://purl.obolibrary.org/obo/HP_0025264";"50";"false";"false"
"dual sensory impairment";"Sensory impairment";"http://purl.obolibrary.org/obo/HP_0003474";"85.71";"false";"false"
"below knee amputation status";"Stiff knee";"http://purl.obolibrary.org/obo/HP_0025263";"50";"false";"false"
"above knee amputation status";"Stiff knee";"http://purl.obolibrary.org/obo/HP_0025263";"50";"false";"false"
"hip amputation status";"Hippocampal atrophy";"http://purl.obolibrary.org/obo/HP_0410170";"51.43";"false";"false"
"other multiple birth three or more mates all stillborn";"Stillbirth";"http://purl.obolibrary.org/obo/HP_0003826";"57.14";"false";"false"
"prophylactic breast removal";"Breast hypertrophy";"http://purl.obolibrary.org/obo/HP_0010313";"51.16";"false";"false"
"encounter for breast reconstruction following mastectomy";"History of recent insect bite";"http://purl.obolibrary.org/obo/HP_0020139";"41.67";"false";"false"
"fitting and adjustment of hearing aid";"White forelock";"http://purl.obolibrary.org/obo/HP_0002211";"48.89";"false";"false"
"fitting and adjustment of other cardiac device";"Difficulty adjusting from light to dark";"http://purl.obolibrary.org/obo/HP_0030513";"48.15";"false";"false"
"fitting and adjustment of cardiac pacemaker";"Cardiac arrest";"http://purl.obolibrary.org/obo/HP_0001695";"52.38";"false";"false"
"fitting and adjustment of automatic implantable cardiac defibrillator";"Automatic atrial tachycardia";"http://purl.obolibrary.org/obo/HP_0011700";"47.89";"false";"false"
"fitting and adjustment of gastric lap band";"Positive gastric fluid barbiturate test";"http://purl.obolibrary.org/obo/HP_0410203";"51.61";"false";"false"
"fitting and adjustment of insulin pump";"Insulin resistance";"http://purl.obolibrary.org/obo/HP_0000855";"51.28";"false";"false"
"aftercare involving internal fixation device";"Deviation of the 2nd finger";"http://purl.obolibrary.org/obo/HP_0009468";"47.27";"false";"false"
"encounter for removal of internal fixation device";"Dysmetric saccades";"http://purl.obolibrary.org/obo/HP_0000641";"43.64";"false";"false"
"other multiple mates all stillborn born in hospital";"Stillbirth";"http://purl.obolibrary.org/obo/HP_0003826";"44.44";"false";"false"
"encounter for lengtheningadjustment of growth rod";"Long eyebrows";"http://purl.obolibrary.org/obo/HP_0004523";"40.58";"false";"false"
"aftercare for healing traumatic fracture of arm";"Delayed fracture healing";"http://purl.obolibrary.org/obo/HP_0032537";"49.06";"false";"false"
"other aftercare involving internal fixation device";"Deviation of the 2nd finger";"http://purl.obolibrary.org/obo/HP_0009468";"47.27";"false";"false"
"aftercare for healing traumatic fracture of upper arm";"Abnormality of the upper urinary tract";"http://purl.obolibrary.org/obo/HP_0010935";"50.75";"false";"false"
"aftercare for healing traumatic fracture of lower arm";"Abnormality of the lower urinary tract";"http://purl.obolibrary.org/obo/HP_0010936";"50.75";"false";"false"
"aftercare for healing traumatic fracture of lower leg";"Fractured lower leg";"http://purl.obolibrary.org/obo/HP_0041081";"62.07";"false";"false"
"aftercare for healing traumatic fracture of hip";"Hip contracture";"http://purl.obolibrary.org/obo/HP_0003273";"44.9";"false";"false"
"aftercare for healing traumatic fracture of leg";"Fractured lower leg";"http://purl.obolibrary.org/obo/HP_0041081";"53.85";"false";"false"
"aftercare for healing traumatic fracture of upper leg";"Fractured lower leg";"http://purl.obolibrary.org/obo/HP_0041081";"48.28";"false";"false"
"aftercare for healing traumatic fracture of vertebrae";"Fractured lumbar vertebra";"http://purl.obolibrary.org/obo/HP_0041168";"63.49";"false";"false"
"other multiple birth three or more mates all still born born in hospital delivered without mention of cesarean section";"Premature birth";"http://purl.obolibrary.org/obo/HP_0001622";"42.86";"false";"false"
"aftercare for healing traumatic fracture of other bone";"Fractured carpal bone";"http://purl.obolibrary.org/obo/HP_0041248";"61.82";"false";"false"
"aftercare for healing pathologic fracture";"Pathologic fracture";"http://purl.obolibrary.org/obo/HP_0002756";"70.83";"false";"false"
"aftercare for healing pathologic fracture of arm";"Pathologic fracture";"http://purl.obolibrary.org/obo/HP_0002756";"65.38";"false";"false"
"aftercare for healing pathologic fracture of upper arm";"Pathologic fracture";"http://purl.obolibrary.org/obo/HP_0002756";"58.62";"false";"false"
"aftercare for healing pathologic fracture of lower arm";"Pathologic fracture";"http://purl.obolibrary.org/obo/HP_0002756";"58.62";"false";"false"
"aftercare for healing pathologic fracture of hip";"Pathologic fracture";"http://purl.obolibrary.org/obo/HP_0002756";"65.38";"false";"false"
"aftercare for healing pathologic fracture of leg";"Pathologic fracture";"http://purl.obolibrary.org/obo/HP_0002756";"65.38";"false";"false"
"aftercare for healing pathologic fracture of upper leg";"Pathologic fracture";"http://purl.obolibrary.org/obo/HP_0002756";"58.62";"false";"false"
"aftercare for healing pathologic fracture of lower leg";"Pathologic fracture";"http://purl.obolibrary.org/obo/HP_0002756";"58.62";"false";"false"
"aftercare for healing pathologic fracture of vertebrae";"Pathologic fracture";"http://purl.obolibrary.org/obo/HP_0002756";"59.65";"false";"false"
"other multiple birth three or more mates all still born born in hospital delivered by cesarean section";"Impaired cortisol response to corticotropin releasing hormone stimulation test";"http://purl.obolibrary.org/obo/HP_0031078";"42.96";"false";"false"
"attention to cystostomy";"Allantoic cyst";"http://purl.obolibrary.org/obo/HP_0030754";"51.61";"false";"false"
"aftercare for healing pathologic fracture of other bone";"Pathologic fracture";"http://purl.obolibrary.org/obo/HP_0002756";"64.15";"false";"false"
"attention to ileostomy";"Osteoma cutis";"http://purl.obolibrary.org/obo/HP_0025027";"55.17";"false";"false"
"encounter for extracorporeal dialysis";"Ophthalmoplegia";"http://purl.obolibrary.org/obo/HP_0000602";"49.18";"false";"false"
"attention to other artificial opening of urinary tract";"Urinary tract atresia";"http://purl.obolibrary.org/obo/HP_0000809";"56.14";"false";"false"
"encounter for dialysis and dialysis catheter care";"Increased urinary transitional epithelial cell count";"http://purl.obolibrary.org/obo/HP_0032214";"42.5";"false";"false"
"encounter for adequacy testing for dialysis";"Loss of facial adipose tissue";"http://purl.obolibrary.org/obo/HP_0000292";"43.08";"false";"false"
"fitting and adjustment of extracorporeal dialysis catheter";"Atresia of the external auditory canal";"http://purl.obolibrary.org/obo/HP_0000413";"46.81";"false";"false"
"fitting and adjustment of peritoneal dialysis catheter";"Difficulty adjusting to changes in luminance";"http://purl.obolibrary.org/obo/HP_0030512";"40.62";"false";"false"
"encounter for adequacy testing for hemodialysis";"Increased facial adipose tissue";"http://purl.obolibrary.org/obo/HP_0000287";"40.58";"false";"false"
"encounter for other dialysis";"Functional abnormality of the gastrointestinal tract";"http://purl.obolibrary.org/obo/HP_0012719";"42.86";"false";"false"
"other multiple birth three or more mates all stillborn born before admission to hospital";"Stillbirth";"http://purl.obolibrary.org/obo/HP_0003826";"42.67";"false";"false"
"encounter for adequacy testing for peritoneal dialysis";"Persistence of primary teeth";"http://purl.obolibrary.org/obo/HP_0006335";"45.9";"false";"false"
"encounter for radiotherapy";"Prolonged need of intravenous antibiotic therapy";"http://purl.obolibrary.org/obo/HP_0020095";"43.33";"false";"false"
"encounter for antineoplastic chemotherapy and immunotherapy";"Prolonged need of intravenous antibiotic therapy";"http://purl.obolibrary.org/obo/HP_0020095";"43.68";"false";"false"
"encounter for antineoplastic chemotherapy";"Increased peripheral blast count";"http://purl.obolibrary.org/obo/HP_0032372";"44.44";"false";"false"
"encounter for long-term current drug use";"Decreased blood drug concentration";"http://purl.obolibrary.org/obo/HP_0020171";"48.39";"false";"false"
"encounter for antineoplastic immunotherapy";"Prolonged need of intravenous antibiotic therapy";"http://purl.obolibrary.org/obo/HP_0020095";"48.65";"false";"false"
"aftercare following organ transplant";"Status post organ transplantation";"http://purl.obolibrary.org/obo/HP_0032444";"65.38";"false";"false"
"long-term current use of anticoagulants";"Lupus anticoagulant";"http://purl.obolibrary.org/obo/HP_0025343";"50";"false";"false"
"long-term current use of antibiotics";"Prolonged need of intravenous antibiotic therapy";"http://purl.obolibrary.org/obo/HP_0020095";"49.28";"false";"false"
"other multiple birth three or morewhether mates liveborn or stillborn born in hospital delivered by cesarean section";"Premature birth";"http://purl.obolibrary.org/obo/HP_0001622";"39.31";"false";"false"
"genetic susceptibility to other disease";"Generalized periodontitis";"http://purl.obolibrary.org/obo/HP_0011058";"54.55";"false";"false"
"genetic susceptibility to multiple endocrine neoplasia men";"Neoplasm of the endocrine system";"http://purl.obolibrary.org/obo/HP_0100568";"59.38";"false";"false"
"body mass index between 19-24 adult";"Abnormality of body mass index";"http://purl.obolibrary.org/obo/HP_0045081";"66.67";"false";"false"
"body mass index bmi";"Abnormality of body mass index";"http://purl.obolibrary.org/obo/HP_0045081";"74.42";"false";"false"
"body mass index less than 19 adult";"Abnormality of body mass index";"http://purl.obolibrary.org/obo/HP_0045081";"64.15";"false";"false"
"body mass index 27.0-27.9 adult";"Abnormality of body mass index";"http://purl.obolibrary.org/obo/HP_0045081";"61.82";"false";"false"
"body mass index between 25-29 adult";"Abnormality of body mass index";"http://purl.obolibrary.org/obo/HP_0045081";"66.67";"false";"false"
"body mass index 25.0-25.9 adult";"Abnormality of body mass index";"http://purl.obolibrary.org/obo/HP_0045081";"61.82";"false";"false"
"body mass index 26.0-26.9 adult";"Abnormality of body mass index";"http://purl.obolibrary.org/obo/HP_0045081";"61.82";"false";"false"
"body mass index 28.0-28.9 adult";"Abnormality of body mass index";"http://purl.obolibrary.org/obo/HP_0045081";"61.82";"false";"false"
"body mass index 29.0-29.9 adult";"Abnormality of body mass index";"http://purl.obolibrary.org/obo/HP_0045081";"61.82";"false";"false"
"body mass index between 30-39 adult";"Abnormality of body mass index";"http://purl.obolibrary.org/obo/HP_0045081";"66.67";"false";"false"
"other multiple birth three or morewhether mates liveborn or stillborn born before admission to hospital";"Natal tooth";"http://purl.obolibrary.org/obo/HP_0000695";"38.46";"false";"false"
"body mass index 34.0-34.9 adult";"Abnormality of body mass index";"http://purl.obolibrary.org/obo/HP_0045081";"61.82";"false";"false"
"body mass index 30.0-30.9 adult";"Abnormality of body mass index";"http://purl.obolibrary.org/obo/HP_0045081";"61.82";"false";"false"
"body mass index 31.0-31.9 adult";"Abnormality of body mass index";"http://purl.obolibrary.org/obo/HP_0045081";"61.82";"false";"false"
"body mass index 32.0-32.9 adult";"Abnormality of body mass index";"http://purl.obolibrary.org/obo/HP_0045081";"61.82";"false";"false"
"body mass index 33.0-33.9 adult";"Abnormality of body mass index";"http://purl.obolibrary.org/obo/HP_0045081";"61.82";"false";"false"
"body mass index 39.0-39.9 adult";"Abnormality of body mass index";"http://purl.obolibrary.org/obo/HP_0045081";"61.82";"false";"false"
"body mass index 35.0-35.9 adult";"Abnormality of body mass index";"http://purl.obolibrary.org/obo/HP_0045081";"61.82";"false";"false"
"body mass index 36.0-36.9 adult";"Abnormality of body mass index";"http://purl.obolibrary.org/obo/HP_0045081";"61.82";"false";"false"
"body mass index 37.0-37.9 adult";"Abnormality of body mass index";"http://purl.obolibrary.org/obo/HP_0045081";"61.82";"false";"false"
"body mass index 38.0-38.9 adult";"Abnormality of body mass index";"http://purl.obolibrary.org/obo/HP_0045081";"61.82";"false";"false"
"convalescence following treatment of fracture";"Elbow flexion contracture";"http://purl.obolibrary.org/obo/HP_0002987";"50";"false";"false"
"convalescence following chemotherapy";"Sunken cheeks";"http://purl.obolibrary.org/obo/HP_0009938";"38.6";"false";"false"
"convalescence following psychotherapy and other treatment for mental disorder";"Global developmental delay";"http://purl.obolibrary.org/obo/HP_0001263";"46.73";"false";"false"
"follow-up examination following radiotherapy";"Exercise-induced muscle cramps";"http://purl.obolibrary.org/obo/HP_0003710";"39.34";"false";"false"
"follow-up examination following chemotherapy";"Exercise-induced muscle cramps";"http://purl.obolibrary.org/obo/HP_0003710";"42.62";"false";"false"
"follow-up examination following psychotherapy and other treatment for mental disorder";"Decreased post-bronchodilator forced expiratory flow 25-75%";"http://purl.obolibrary.org/obo/HP_0032361";"40";"false";"false"
"follow-up examination following treatment of healed fracture";"Elbow flexion contracture";"http://purl.obolibrary.org/obo/HP_0002987";"43.01";"false";"false"
"lack of physical exercise";"Triggered by exertion";"http://purl.obolibrary.org/obo/HP_0025377";"69.77";"false";"false"
"other multiple mates liveborn and stillborn born in hospital";"Maternal anticardiolipin antibody positive";"http://purl.obolibrary.org/obo/HP_0012536";"39.02";"false";"false"
"problems related to lifestyle";"Feeding difficulties";"http://purl.obolibrary.org/obo/HP_0011968";"50";"false";"false"
"high-risk sexual behavior";"Inappropriate sexual behavior";"http://purl.obolibrary.org/obo/HP_0008768";"64.15";"false";"false"
"inappropriate diet and eating habits";"Inappropriate antidiuretic hormone secretion";"http://purl.obolibrary.org/obo/HP_0031218";"54.17";"false";"false"
"gambling and betting";"Abdominal distention";"http://purl.obolibrary.org/obo/HP_0003270";"37.5";"false";"false"
"lack of adequate sleep";"Somnambulism";"http://purl.obolibrary.org/obo/HP_0025236";"50";"false";"false"
"behavioral insomnia of childhood";"Childhood onset";"http://purl.obolibrary.org/obo/HP_0011463";"53.85";"false";"false"
"other problems related to lifestyle";"Feeding difficulties";"http://purl.obolibrary.org/obo/HP_0011968";"50";"false";"false"
"problem related to lifestyle";"Feeding difficulties";"http://purl.obolibrary.org/obo/HP_0011968";"50";"false";"false"
"general psychiatric examination requested by the authority";"Psychomotor deterioration";"http://purl.obolibrary.org/obo/HP_0002361";"44.83";"false";"false"
"twin birthwhether mate liveborn or stillborn born in hospital delivered without mention of cesarean section";"Femoral bowing present at birth, straightening with time";"http://purl.obolibrary.org/obo/HP_0005005";"38.55";"false";"false"
"other multiple birth three or more mates liveborn and stillborn born in hospital delivered without mention of cesarean section";"Premature birth";"http://purl.obolibrary.org/obo/HP_0001622";"41.98";"false";"false"
"observation for adult antisocial behavior";"Autistic behavior";"http://purl.obolibrary.org/obo/HP_0000729";"55.32";"false";"false"
"general psychiatric examination other and";"Behavioral abnormality";"http://purl.obolibrary.org/obo/HP_0000708";"50";"false";"false"
"observation for suspected mental condition";"obsolete Congenital septal defect";"http://purl.obolibrary.org/obo/HP_0004760";"56.67";"false";"false"
"observation for other suspected mental condition";"Cervical segmentation defect";"http://purl.obolibrary.org/obo/HP_0004632";"47.06";"false";"false"
"observation for childhood or adolescent antisocial behavior";"Inability to walk by childhood/adolescence";"http://purl.obolibrary.org/obo/HP_0006915";"50";"false";"false"
"observation following alleged rape or seduction";"Reversible airflow obstruction";"http://purl.obolibrary.org/obo/HP_0033540";"42.86";"false";"false"
"observation for suspected malignant neoplasm";"Malignant neoplasm of the central nervous system";"http://purl.obolibrary.org/obo/HP_0100836";"64";"false";"false"
"observation for suspected tuberculosis";"Pulmonary tuberculosis";"http://purl.obolibrary.org/obo/HP_0032262";"48.98";"false";"false"
"observation following accident at work";"Decreased circulating free fatty acid level";"http://purl.obolibrary.org/obo/HP_0040299";"39.13";"false";"false"
"observation following other accident";"obsolete Elevated serum long-chain fatty acids";"http://purl.obolibrary.org/obo/HP_0045016";"45.9";"false";"false"
"other multiple birth three or more mates liveborn and stillborn born before admission to hospital";"Stillbirth";"http://purl.obolibrary.org/obo/HP_0003826";"38.1";"false";"false"
"observation following other inflicted injury";"Infection following live vaccination";"http://purl.obolibrary.org/obo/HP_0020085";"50.91";"false";"false"
"observation and evaluation for suspected exposure to anthrax";"Obstruction of the superior vena cava";"http://purl.obolibrary.org/obo/HP_0031041";"33.85";"false";"false"
"screening examination for measles";"Hypomineralization of enamel";"http://purl.obolibrary.org/obo/HP_0006285";"53.33";"false";"false"
"observation and evaluation for suspected exposure to other biological agent";"Aplasia/Hypoplasia of the distal phalanx of the hallux";"http://purl.obolibrary.org/obo/HP_0010076";"38.46";"false";"false"
"diagnostic skin and sensitization tests";"Abnormal delayed hypersensitivity skin test";"http://purl.obolibrary.org/obo/HP_0002963";"59.02";"false";"false"
"screening examination for poliomyelitis";"CNS hypomyelination";"http://purl.obolibrary.org/obo/HP_0003429";"47.37";"false";"false"
"screening examination for smallpox";"Aplasia/hypoplasia of the extremities";"http://purl.obolibrary.org/obo/HP_0009815";"41.86";"false";"false"
"other multiple birth three or more mates liveborn and stillborn born outside hospital and not hospitalized";"Short distal phalanx of the 5th toe";"http://purl.obolibrary.org/obo/HP_0100391";"41.58";"false";"false"
"screening examination for rubella";"Post-vaccination rubella";"http://purl.obolibrary.org/obo/HP_0020089";"47.62";"false";"false"
"screening examination for yellow fever";"Jaundice";"http://purl.obolibrary.org/obo/HP_0000952";"51.28";"false";"false"
"screening examination for other arthropod-borne viral diseases";"Impaired distal vibration sensation";"http://purl.obolibrary.org/obo/HP_0006886";"46.38";"false";"false"
"screening examination for trachoma";"Accessory scrotum";"http://purl.obolibrary.org/obo/HP_0030274";"43.24";"false";"false"
"screening examination for other specified viral and chlamydial diseases";"Impaired distal vibration sensation";"http://purl.obolibrary.org/obo/HP_0006886";"47.89";"false";"false"
"special screening examination for human papillomavirus hpv";"Persistent human papillomavirus infection";"http://purl.obolibrary.org/obo/HP_0020114";"56.79";"false";"false"
"special screening examination forchlamydial disease";"Abnormal speech discrimination";"http://purl.obolibrary.org/obo/HP_0001963";"47.62";"false";"false"
"special screening examination for other specified chlamydial diseases";"Decreased circulating level of specific antibody";"http://purl.obolibrary.org/obo/HP_0012475";"45.28";"false";"false"
"special screening examination for other specified viral diseases";"Decreased specific antibody response to vaccination";"http://purl.obolibrary.org/obo/HP_0032140";"48.78";"false";"false"
"screening examination forviral disease";"Absent distal interphalangeal creases";"http://purl.obolibrary.org/obo/HP_0001032";"47.62";"false";"false"
"other multiple birth three or morewhether mates liveborn or stillborn";"Stillbirth";"http://purl.obolibrary.org/obo/HP_0003826";"42.67";"false";"false"
"special screening examination forviral disease";"Abnormal speech discrimination";"http://purl.obolibrary.org/obo/HP_0001963";"51.72";"false";"false"
"screening examination for cholera";"Elevated cholesterol ester level";"http://purl.obolibrary.org/obo/HP_0031211";"41.67";"false";"false"
"screening examination for pulmonary tuberculosis";"Extrapulmonary tuberculosis";"http://purl.obolibrary.org/obo/HP_0032271";"73.02";"false";"false"
"screening examination for diphtheria";"Dermatan sulfate excretion in urine";"http://purl.obolibrary.org/obo/HP_0008301";"44.44";"false";"false"
"screening examination for leprosy hansens disease";"Distal sensory impairment";"http://purl.obolibrary.org/obo/HP_0002936";"48.72";"false";"false"
"screening examination for yaws";"Abnormal maternal serum screening";"http://purl.obolibrary.org/obo/HP_0011436";"35.56";"false";"false"
"screening examination for bacterial conjunctivitis";"Recurrent bacterial infections";"http://purl.obolibrary.org/obo/HP_0002718";"51.61";"false";"false"
"screening examination for venereal disease";"Degenerative liver disease";"http://purl.obolibrary.org/obo/HP_0005237";"52.17";"false";"false"
"screening examination for other specified bacterial and spirochetal diseases";"Morbus Scheuermann";"http://purl.obolibrary.org/obo/HP_0010891";"46.32";"false";"false"
"screening examination forbacterial and spirochetal diseases";"Morbus Scheuermann";"http://purl.obolibrary.org/obo/HP_0010891";"48.89";"false";"false"
"screening examination for rickettsial diseases";"Hypertelorism";"http://purl.obolibrary.org/obo/HP_0000316";"49.12";"false";"false"
"screening examination for malaria";"Abnormal maternal serum screening";"http://purl.obolibrary.org/obo/HP_0011436";"40.82";"false";"false"
"screening examination for leishmaniasis";"Tegumentary leishmaniasis susceptibility";"http://purl.obolibrary.org/obo/HP_0007408";"53.33";"false";"false"
"other multipleborn in hospital";"Polysplenia";"http://purl.obolibrary.org/obo/HP_0001748";"48.89";"false";"false"
"screening examination for trypanosomiasis";"Single transverse palmar crease";"http://purl.obolibrary.org/obo/HP_0000954";"44.44";"false";"false"
"screening examination for mycotic infections";"Cellulitis";"http://purl.obolibrary.org/obo/HP_0100658";"51.28";"false";"false"
"screening examination forinfectious disease";"Retinopathy";"http://purl.obolibrary.org/obo/HP_0000488";"51.61";"false";"false"
"screening examination for schistosomiasis";"Thoracoabdominal wall defect";"http://purl.obolibrary.org/obo/HP_0100656";"43.14";"false";"false"
"screening examination for filariasis";"Increased variability in muscle fiber diameter";"http://purl.obolibrary.org/obo/HP_0003557";"44";"false";"false"
"screening examination for intestinal helminthiasis";"Intestinal ischemia";"http://purl.obolibrary.org/obo/HP_0033404";"48.15";"false";"false"
"screening examination for other specified parasitic infections";"Recurrent parasitic infections";"http://purl.obolibrary.org/obo/HP_0030885";"57.63";"false";"false"
"other genetic carrier status";"Spermatogenesis maturation arrest";"http://purl.obolibrary.org/obo/HP_0031038";"50";"false";"false"
"screening for malignant neoplasms of skin";"Malignant neoplasm of the central nervous system";"http://purl.obolibrary.org/obo/HP_0100836";"72.34";"false";"false"
"screening for skin conditions";"Autoimmunity";"http://purl.obolibrary.org/obo/HP_0002960";"44.44";"false";"false"
"other multiple birth three or morewhether mates liveborn or stillborn born in hospital delivered without mention of cesarean section";"Premature birth";"http://purl.obolibrary.org/obo/HP_0001622";"40.21";"false";"false"
"cystic fibrosis gene carrier";"Testicular fibrosis";"http://purl.obolibrary.org/obo/HP_0012860";"55.32";"false";"false"
"genetic susceptibility to malignant neoplasm of ovary";"Ovarian mucinous tumor";"http://purl.obolibrary.org/obo/HP_0031494";"59.65";"false";"false"
"genetic susceptibility to disease";"Generalized periodontitis";"http://purl.obolibrary.org/obo/HP_0011058";"54.55";"false";"false"
"genetic susceptibility to malignant neoplasm";"Malignant neoplasm of the central nervous system";"http://purl.obolibrary.org/obo/HP_0100836";"65.31";"false";"false"
"genetic susceptibility to malignant neoplasm of breast";"Neoplasm of the breast";"http://purl.obolibrary.org/obo/HP_0100013";"60.38";"false";"false"
"genetic susceptibility to other malignant neoplasm";"Malignant neoplasm of the central nervous system";"http://purl.obolibrary.org/obo/HP_0100836";"65.31";"false";"false"
"genetic susceptibility to malignant neoplasm of prostate";"Prostate neoplasm";"http://purl.obolibrary.org/obo/HP_0100787";"61.82";"false";"false"
"genetic susceptibility to malignant neoplasm of endometrium";"Hyperplasia of the endometrium";"http://purl.obolibrary.org/obo/HP_0040298";"49.23";"false";"false"
"postinflammatory pulmonary fibrosis";"Pulmonary aterial intimal fibrosis";"http://purl.obolibrary.org/obo/HP_0005312";"70.77";"false";"false"
"appendicitis unqualified";"Round face";"http://purl.obolibrary.org/obo/HP_0000311";"43.24";"false";"false"
"abscess of anal and rectal regions";"Rectal abscess";"http://purl.obolibrary.org/obo/HP_0005224";"71.43";"false";"false"
"acute and subacute necrosis of liver";"Renal tubular epithelial necrosis";"http://purl.obolibrary.org/obo/HP_0008682";"62.5";"false";"false"
"normal delivery";"Abnormal delivery";"http://purl.obolibrary.org/obo/HP_0001787";"75";"false";"false"
"chronic kidney disease ckd";"Chronic kidney disease";"http://purl.obolibrary.org/obo/HP_0012622";"91.67";"false";"false"
"hydronephrosis";"Hydronephrosis";"http://purl.obolibrary.org/obo/HP_0000126";"100";"false";"false"
"hydatidiform mole";"Hydatidiform mole";"http://purl.obolibrary.org/obo/HP_0032192";"100";"false";"false"
"missed abortion";"Spontaneous abortion";"http://purl.obolibrary.org/obo/HP_0005268";"50";"false";"false"
"rupture of uterus delivered with postpartum complication";"Abnormal delivery";"http://purl.obolibrary.org/obo/HP_0001787";"50.91";"false";"false"
"mental and behavioral problems with learning";"Behavioral abnormality";"http://purl.obolibrary.org/obo/HP_0000708";"72.34";"false";"false"
"other specified diseases of nail";"Specific learning disability";"http://purl.obolibrary.org/obo/HP_0001328";"55";"false";"false"
"rupture of uterus postpartum";"Uterine rupture";"http://purl.obolibrary.org/obo/HP_0100718";"57.89";"false";"false"
"acute lymphadenitis";"Lymphadenitis";"http://purl.obolibrary.org/obo/HP_0002840";"80";"false";"false"
"impetigo";"Recurrent bacterial skin infections";"http://purl.obolibrary.org/obo/HP_0005406";"56.25";"false";"false"
"osteoarthrosis and allied disorders osteoarthrosis generalized pelvic region and thigh";"Generalized osteoporosis";"http://purl.obolibrary.org/obo/HP_0040160";"52.83";"false";"false"
"osteoarthrosis and allied disorders osteoarthrosis generalized lower leg";"Generalized osteoporosis";"http://purl.obolibrary.org/obo/HP_0040160";"60.42";"false";"false"
"osteoarthrosis generalized other specified sites";"Generalized osteoporosis";"http://purl.obolibrary.org/obo/HP_0040160";"58.82";"false";"false"
"osteoarthrosis and allied disorders osteoarthrosiswhether generalized or localized multiple sites";"Localized osteoporosis";"http://purl.obolibrary.org/obo/HP_0040161";"51.38";"false";"false"
"intrapelvic protrusion of acetabulum site";"Protrusio acetabuli";"http://purl.obolibrary.org/obo/HP_0003179";"59.26";"false";"false"
"derangement of joint lower leg";"Lower extremity joint dislocation";"http://purl.obolibrary.org/obo/HP_0030311";"60";"false";"false"
"body mass index 40.0-44.9 adult";"Abnormality of body mass index";"http://purl.obolibrary.org/obo/HP_0045081";"61.82";"false";"false"
"other multiple birth three or morewhether mates liveborn or stillborn born outside of hospital";"Widely spaced teeth";"http://purl.obolibrary.org/obo/HP_0000687";"40.37";"false";"false"
"body mass index 40 and over adult";"Abnormality of body mass index";"http://purl.obolibrary.org/obo/HP_0045081";"70.83";"false";"false"
"body mass index pediatric";"Abnormality of body mass index";"http://purl.obolibrary.org/obo/HP_0045081";"68.09";"false";"false"
"body mass index 45.0-49.9 adult";"Abnormality of body mass index";"http://purl.obolibrary.org/obo/HP_0045081";"61.82";"false";"false"
"body mass index 50.0-59.9 adult";"Abnormality of body mass index";"http://purl.obolibrary.org/obo/HP_0045081";"61.82";"false";"false"
"body mass index 60.0-69.9 adult";"Abnormality of body mass index";"http://purl.obolibrary.org/obo/HP_0045081";"61.82";"false";"false"
"body mass index 70 and over adult";"Abnormality of body mass index";"http://purl.obolibrary.org/obo/HP_0045081";"70.83";"false";"false"
"body mass index pediatric less than 5th percentile for age";"Small for gestational age";"http://purl.obolibrary.org/obo/HP_0001518";"48.42";"false";"false"
"body mass index pediatric 5th percentile to less than 85th percentile for age";"Short stature";"http://purl.obolibrary.org/obo/HP_0004322";"54.69";"false";"false"
"body mass index pediatric 85th percentile to less than 95th percentile for age";"Short stature";"http://purl.obolibrary.org/obo/HP_0004322";"54.26";"false";"false"
"livebornwhether single twin or multiple";"Multiple unerupted teeth";"http://purl.obolibrary.org/obo/HP_0006283";"45.61";"false";"false"
"body mass index pediatric greater than or equal to 95th percentile for age";"Birth length greater than 97th percentile";"http://purl.obolibrary.org/obo/HP_0003517";"47.83";"false";"false"
"estrogen receptor negative status er-";"Nephrogenic rest";"http://purl.obolibrary.org/obo/HP_0100880";"52.17";"false";"false"
"estrogen receptor status";"Nephrogenic rest";"http://purl.obolibrary.org/obo/HP_0100880";"51.28";"false";"false"
"estrogen receptor positive status er";"Posterior pituitary agenesis";"http://purl.obolibrary.org/obo/HP_0011756";"45.9";"false";"false"
"twin gestationnumber of placentanumber of amniotic sacs";"Deviation of the thumb";"http://purl.obolibrary.org/obo/HP_0009603";"45";"false";"false"
"personal history of antineoplastic chemotherapy";"Persistent open anterior fontanelle";"http://purl.obolibrary.org/obo/HP_0004474";"47.22";"false";"false"
"multiple gestation placenta status";"Widely spaced teeth";"http://purl.obolibrary.org/obo/HP_0000687";"58.82";"false";"false"
"twin gestation placenta status";"Small placenta";"http://purl.obolibrary.org/obo/HP_0006266";"47.62";"false";"false"
"twin gestation monochorionicmonoamniotic one placenta one amniotic sac";"Meconium stained amniotic fluid";"http://purl.obolibrary.org/obo/HP_0012420";"40.68";"false";"false"
"twin gestation monochorionicdiamniotic one placenta two amniotic sacs";"Meconium stained amniotic fluid";"http://purl.obolibrary.org/obo/HP_0012420";"41.03";"false";"false"
"twin birthwhether mate liveborn or stillborn born in hospital delivered by cesarean section";"Natal tooth";"http://purl.obolibrary.org/obo/HP_0000695";"35.85";"false";"false"
"other livebornborn in hospital";"J wave";"http://purl.obolibrary.org/obo/HP_0012272";"37.5";"false";"false"
"twin gestation dichorionicdiamniotic two placentae two amniotic sacs";"Amniotic constriction ring";"http://purl.obolibrary.org/obo/HP_0009775";"40.43";"false";"false"
"triplet gestation placenta status";"Status post organ transplantation";"http://purl.obolibrary.org/obo/HP_0032444";"51.72";"false";"false"
"twin gestation unable to determine number of placenta and number of amniotic sacs";"Abnormal number of permanent teeth";"http://purl.obolibrary.org/obo/HP_0011044";"48.74";"false";"false"
"triplet gestation with two or more monochorionic fetuses";"Intrauterine fetal demise of one twin after midgestation";"http://purl.obolibrary.org/obo/HP_0030753";"41.56";"false";"false"
"triplet gestationnumber of placenta andnumber of amniotic sacs";"Deviation of the thumb";"http://purl.obolibrary.org/obo/HP_0009603";"43.68";"false";"false"
"triplet gestation with two or more monoamniotic fetuses";"Intrauterine fetal demise of one twin after midgestation";"http://purl.obolibrary.org/obo/HP_0030753";"39.47";"false";"false"
"triplet gestation unable to determine number of placenta and number of amniotic sacs";"Abnormal number of permanent teeth";"http://purl.obolibrary.org/obo/HP_0011044";"49.18";"false";"false"
"quadruplet gestation with two or more monochorionic fetuses";"Decreased response to growth hormone stimuation test";"http://purl.obolibrary.org/obo/HP_0000824";"36.14";"false";"false"
"quadruplet gestation placenta status";"Placental abruption";"http://purl.obolibrary.org/obo/HP_0011419";"45.83";"false";"false"
"quadruplet gestationnumber of placenta andnumber of amniotic sacs";"Placental abruption";"http://purl.obolibrary.org/obo/HP_0011419";"44.19";"false";"false"
"quadruplet gestation unable to determine number of placenta and number of amniotic sacs";"Abnormal number of permanent teeth";"http://purl.obolibrary.org/obo/HP_0011044";"44.8";"false";"false"
"livebornwhether single twin or multiple born in hospital delivered without mention of cesarean section";"Pointed chin";"http://purl.obolibrary.org/obo/HP_0000307";"37.59";"false";"false"
"quadruplet gestation with two or more monoamniotic fetuses";"Complete duplication of the 1st metatarsal";"http://purl.obolibrary.org/obo/HP_0010098";"35.82";"false";"false"
"other specified multiple gestationnumber of placenta andnumber of amniotic sacs";"Widely spaced teeth";"http://purl.obolibrary.org/obo/HP_0000687";"43.75";"false";"false"
"other specified multiple gestation placenta status";"Widely spaced teeth";"http://purl.obolibrary.org/obo/HP_0000687";"55.26";"false";"false"
"other specified multiple gestation unable to determine number of placenta and number of amniotic sacs";"Widely spaced teeth";"http://purl.obolibrary.org/obo/HP_0000687";"50";"false";"false"
"other specified multiple gestation with two or more monochorionic fetuses";"Recurrent respiratory infections";"http://purl.obolibrary.org/obo/HP_0002205";"47.22";"false";"false"
"other specified multiple gestation with two or more monoamniotic fetuses";"Recurrent respiratory infections";"http://purl.obolibrary.org/obo/HP_0002205";"42.25";"false";"false"
"livebornwhether single twin or multiple born in hospital delivered by cesarean section";"Decreased carnitine level in liver";"http://purl.obolibrary.org/obo/HP_0045061";"37.11";"false";"false"
"hiv infection with certain specified infections";"Recurrent skin infections";"http://purl.obolibrary.org/obo/HP_0001581";"60.61";"false";"false"
"hiv infection causing other specified infections";"Severe infection";"http://purl.obolibrary.org/obo/HP_0032169";"57.14";"false";"false"
"hiv infection with specified malignant neoplasms";"Malignant neoplasm of the central nervous system";"http://purl.obolibrary.org/obo/HP_0100836";"59.26";"false";"false"
"hiv causing lymphandenopathy";"Lymphadenopathy";"http://purl.obolibrary.org/obo/HP_0002716";"71.43";"false";"false"
"acquired immunodeficiency syndrome with or without other conditions";"Severe combined immunodeficiency";"http://purl.obolibrary.org/obo/HP_0004430";"52.17";"false";"false"
"hiv causing other specified conditions";"Conspicuously happy disposition";"http://purl.obolibrary.org/obo/HP_0100024";"43.48";"false";"false"
"acquired immunodeficiency syndrome-related complex with or without other conditions";"Glomerular subepithelial immune-complex deposits";"http://purl.obolibrary.org/obo/HP_0033601";"47.06";"false";"false"
"hiv causing specified diseases of the central nervous system";"Central nervous system cyst";"http://purl.obolibrary.org/obo/HP_0030724";"63.01";"false";"false"
"hiv causing other disorders involving the immune mechanism";"Autoimmunity";"http://purl.obolibrary.org/obo/HP_0002960";"49.06";"false";"false"
"hiv infection not otherwise specified with or without other conditions not classifiable to 042 043 044.0";"Sclerotic foci within carpal bones";"http://purl.obolibrary.org/obo/HP_0004240";"30.61";"false";"false"
"other human immunodeficiency virus hiv infection";"Humoral immunodeficiency";"http://purl.obolibrary.org/obo/HP_0005363";"59.26";"false";"false"
"hiv infection causing specified acute infections";"Recurrent infections";"http://purl.obolibrary.org/obo/HP_0002719";"58.46";"false";"false"
"infectious mononucleosis";"Severe Epstein Barr virus infection";"http://purl.obolibrary.org/obo/HP_0031693";"85.71";"false";"false"
"other enterovirus diseases of central nervous system";"Central nervous system degeneration";"http://purl.obolibrary.org/obo/HP_0007009";"71.43";"false";"false"
"livebornwhether single twin or multiple born before admission to hospital";"Increased CSF ornithine concentration";"http://purl.obolibrary.org/obo/HP_0500244";"37.78";"false";"false"
"tobacco use disorder episodic";"Exacerbated by tobacco use";"http://purl.obolibrary.org/obo/HP_0032500";"54.55";"false";"false"
"late effects of acute poliomyelitis";"Impaired platelet aggregation";"http://purl.obolibrary.org/obo/HP_0003540";"48";"false";"false"
"dementias";"Dementia";"http://purl.obolibrary.org/obo/HP_0000726";"100";"false";"false"
"psychosis";"Psychosis";"http://purl.obolibrary.org/obo/HP_0000709";"100";"false";"false"
"tobacco use disorderuse";"Triggered by smoking";"http://purl.obolibrary.org/obo/HP_0025223";"58.54";"false";"false"
"tobacco use disorder contiuous";"Exacerbated by tobacco use";"http://purl.obolibrary.org/obo/HP_0032500";"48.89";"false";"false"
"tobacco use disorder in remission";"Exacerbated by tobacco use";"http://purl.obolibrary.org/obo/HP_0032500";"51.16";"false";"false"
"alzheimers disease";"Alzheimer disease";"http://purl.obolibrary.org/obo/HP_0002511";"100";"false";"false"
"paralysis agitans";"Paralysis";"http://purl.obolibrary.org/obo/HP_0003470";"72";"false";"false"
"livebornwhether single twin or multiple born outside hospital and not hospitalized";"Increased CSF ornithine concentration";"http://purl.obolibrary.org/obo/HP_0500244";"41.24";"false";"false"
"rheumatic fever without mention of heart involvement";"Heat intolerance";"http://purl.obolibrary.org/obo/HP_0002046";"48.39";"false";"false"
"thromboangiitis obliterans buergers disease";"Thromboembolism";"http://purl.obolibrary.org/obo/HP_0001907";"49.12";"false";"false"
"congestive heart failure chf";"Congestive heart failure";"http://purl.obolibrary.org/obo/HP_0001635";"100";"false";"false"
"subarachnoid hemorrhage";"Subarachnoid hemorrhage";"http://purl.obolibrary.org/obo/HP_0002138";"100";"false";"false"
"intracerebral hemorrhage";"Cerebral hemorrhage";"http://purl.obolibrary.org/obo/HP_0001342";"100";"false";"false"
"coal workers pneumoconiosis";"Eosinophilic pneumonia";"http://purl.obolibrary.org/obo/HP_0032071";"46.81";"false";"false"
"peritonsillar abscess";"Peritoneal abscess";"http://purl.obolibrary.org/obo/HP_0100592";"78.95";"false";"false"
"pneumococcal pneumonia streptococcus pneumoniae pneumonia";"Recurrent pneumonia";"http://purl.obolibrary.org/obo/HP_0006532";"58.93";"false";"false"
"asbestosis";"Astrocytosis";"http://purl.obolibrary.org/obo/HP_0002446";"63.64";"false";"false"
"pulmonary congestion and hypostasis";"Pulmonary hypoplasia";"http://purl.obolibrary.org/obo/HP_0002089";"65.31";"false";"false"
"mental and behavioral problems";"Behavioral abnormality";"http://purl.obolibrary.org/obo/HP_0000708";"82.93";"false";"false"
"encounter for weaning from respirator ventilator";"Ventilator dependence with inability to wean";"http://purl.obolibrary.org/obo/HP_0005946";"50";"false";"false"
"bariatric surgery status";"Prolonged bleeding after surgery";"http://purl.obolibrary.org/obo/HP_0004846";"44.44";"false";"false"
"dependence on respirator ventilator";"Ventilator dependence with inability to wean";"http://purl.obolibrary.org/obo/HP_0005946";"60.87";"false";"false"
"dependence on respirator status";"Cheyne-Stokes respiration";"http://purl.obolibrary.org/obo/HP_0012196";"52.94";"false";"false"
"encounter for respirator dependence during power failure";"Cheyne-Stokes respiration";"http://purl.obolibrary.org/obo/HP_0012196";"44.9";"false";"false"
"wheelchair dependence";"Delayed speech and language development";"http://purl.obolibrary.org/obo/HP_0000750";"45.16";"false";"false"
"mechanical complication of respirator ventilator";"Respiratory failure requiring assisted ventilation";"http://purl.obolibrary.org/obo/HP_0004887";"59.15";"false";"false"
"other dependence on machines supplemental oxygen";"Increased number of teeth";"http://purl.obolibrary.org/obo/HP_0011069";"56";"false";"false"
"other digestive problems";"Feeding difficulties";"http://purl.obolibrary.org/obo/HP_0011968";"57.14";"false";"false"
"difficulty in walking site";"Difficulty walking";"http://purl.obolibrary.org/obo/HP_0002355";"86.49";"false";"false"
"mental and behavioral problems with communication including speech";"Behavioral abnormality";"http://purl.obolibrary.org/obo/HP_0000708";"54.84";"false";"false"
"difficulty in walking involving joint of pelvic region and thigh";"Difficulty walking";"http://purl.obolibrary.org/obo/HP_0002355";"49.23";"false";"false"
"difficulty in walking involving lower leg joint";"Difficulty walking";"http://purl.obolibrary.org/obo/HP_0002355";"58.18";"false";"false"
"difficulty in walking involving ankle and foot joint";"Difficulty walking";"http://purl.obolibrary.org/obo/HP_0002355";"58.18";"false";"false"
"difficulty in walking involving join of other specified sites";"Difficulty walking";"http://purl.obolibrary.org/obo/HP_0002355";"56.14";"false";"false"
"other anddisorders of joint difficulty in walking multiple sites";"Gait disturbance";"http://purl.obolibrary.org/obo/HP_0001288";"54.79";"false";"false"
"cervical spondylosis without myelopathy";"Cervical spondylosis";"http://purl.obolibrary.org/obo/HP_0008480";"65.45";"false";"false"
"other mental problems";"Memory impairment";"http://purl.obolibrary.org/obo/HP_0002354";"66.67";"false";"false"
"lumbago";"Lumbar hyperlordosis";"http://purl.obolibrary.org/obo/HP_0002938";"43.48";"false";"false"
"pain in limb";"Limb pain";"http://purl.obolibrary.org/obo/HP_0009763";"100";"false";"false"
"flat foot";"Pes planus";"http://purl.obolibrary.org/obo/HP_0001763";"100";"false";"false"
"edema";"Edema";"http://purl.obolibrary.org/obo/HP_0000969";"100";"false";"false"
"abnormality of gait";"Gait disturbance";"http://purl.obolibrary.org/obo/HP_0001288";"100";"false";"false"
"other symptoms involving nervous and musculoskeletal systems";"Abnormality of the musculoskeletal system";"http://purl.obolibrary.org/obo/HP_0033127";"61.97";"false";"false"
"closed fracture of dorsal thoracic vertebra without mention of spinal cord injury";"Degeneration of anterior horn cells";"http://purl.obolibrary.org/obo/HP_0002398";"48.15";"false";"false"
"abnormal chest sounds";"Abnormal thorax morphology";"http://purl.obolibrary.org/obo/HP_0000765";"81.25";"false";"false"
"senility without mention of psychosis";"Psychotic mentation";"http://purl.obolibrary.org/obo/HP_0001345";"47.83";"false";"false"
"other unknown andcause of morbidity or mortality";"Mortality/Aging";"http://purl.obolibrary.org/obo/HP_0040006";"40";"false";"false"
"closed fracture of lumbar vertebra without mention of spinal cord injury";"Absent spinous processes of lower thoracic and lumbar vertebrae";"http://purl.obolibrary.org/obo/HP_0008464";"55.17";"false";"false"
"fracture ofpart of neck of femur closed";"Femur fracture";"http://purl.obolibrary.org/obo/HP_0031846";"60.87";"false";"false"
"contusion of face scalp and neck except eyes";"Broad face";"http://purl.obolibrary.org/obo/HP_0000283";"48.15";"false";"false"
"other behavioral problems";"Behavioral abnormality";"http://purl.obolibrary.org/obo/HP_0000708";"100";"false";"false"
"crushing injury of face scalp and neck";"Neurogenic bladder";"http://purl.obolibrary.org/obo/HP_0000011";"40";"false";"false"
"foreign body in ear";"Fractured forearm bones";"http://purl.obolibrary.org/obo/HP_0003961";"50";"false";"false"
"foreign body in nose";"Epistaxis";"http://purl.obolibrary.org/obo/HP_0000421";"60";"false";"false"
"foreign body in intestine and colon";"Intestinal perforation";"http://purl.obolibrary.org/obo/HP_0031368";"50";"false";"false"
"foreign body in anus and rectum";"Rectal prolapse";"http://purl.obolibrary.org/obo/HP_0002035";"51.16";"false";"false"
"toxic effect of carbon monoxide";"Abnormal DLCO";"http://purl.obolibrary.org/obo/HP_0045049";"53.52";"false";"false"
"twin birthwhether mate liveborn or stillborn born before admission to hospital";"Femoral bowing present at birth, straightening with time";"http://purl.obolibrary.org/obo/HP_0005005";"38.3";"false";"false"
"wandering in diseases classified elsewhere";"Increased number of elastic fibers in the dermis";"http://purl.obolibrary.org/obo/HP_0025164";"46.88";"false";"false"
"other specified behavioral problem";"Behavioral abnormality";"http://purl.obolibrary.org/obo/HP_0000708";"80.95";"false";"false"
"mental or behavioral problem";"Behavioral abnormality";"http://purl.obolibrary.org/obo/HP_0000708";"82.93";"false";"false"
"problems with sight";"Feeding difficulties";"http://purl.obolibrary.org/obo/HP_0011968";"59.26";"false";"false"
"problems with hearing";"Feeding difficulties";"http://purl.obolibrary.org/obo/HP_0011968";"61.54";"false";"false"
"organ or tissue replaced by transplant";"Status post organ transplantation";"http://purl.obolibrary.org/obo/HP_0032444";"69.39";"false";"false"
"other ear problems";"Feeding difficulties";"http://purl.obolibrary.org/obo/HP_0011968";"64";"false";"false"
"problems with voice production";"Dysphonia";"http://purl.obolibrary.org/obo/HP_0001618";"53.33";"false";"false"
"problems with sexual function";"Functional motor deficit";"http://purl.obolibrary.org/obo/HP_0004302";"72.34";"false";"false"
"heart replaced by transplant";"Status post organ transplantation";"http://purl.obolibrary.org/obo/HP_0032444";"51.16";"false";"false"
"kidney replaced by transplant";"Ectopic kidney";"http://purl.obolibrary.org/obo/HP_0000086";"60";"false";"false"
"twin birthwhether mate liveborn or stillborn born outside hospital and not hospitalized";"Short distal phalanx of the 5th toe";"http://purl.obolibrary.org/obo/HP_0100391";"40.62";"false";"false"
"heart valve replaced by transplant";"Status post organ transplantation";"http://purl.obolibrary.org/obo/HP_0032444";"45.83";"false";"false"
"skin replaced by transplant";"Status post organ transplantation";"http://purl.obolibrary.org/obo/HP_0032444";"57.14";"false";"false"
"bone replaced by transplant";"Status post organ transplantation";"http://purl.obolibrary.org/obo/HP_0032444";"52.38";"false";"false"
"cornea replaced by transplant";"Status post organ transplantation";"http://purl.obolibrary.org/obo/HP_0032444";"54.55";"false";"false"
"lung replaced by transplant";"Status post organ transplantation";"http://purl.obolibrary.org/obo/HP_0032444";"52.38";"false";"false"
"liver replaced by transplant";"Status post organ transplantation";"http://purl.obolibrary.org/obo/HP_0032444";"51.16";"false";"false"
"other specified organ or tissue replaced by transplant";"Status post organ transplantation";"http://purl.obolibrary.org/obo/HP_0032444";"59.65";"false";"false"
"bone marrow replaced by transplant";"History of bone marrow transplant";"http://purl.obolibrary.org/obo/HP_0032557";"75.41";"false";"false"
"peripheral stem cells replaced by transplant";"History of bone marrow transplant";"http://purl.obolibrary.org/obo/HP_0032557";"56.79";"false";"false"
"other multiple birth three or more mates all liveborn";"Multiple bilateral congenital hypertrophy of retinal pigment epithelium";"http://purl.obolibrary.org/obo/HP_0011529";"50";"false";"false"
"eye globe replaced by other means";"Anophthalmia";"http://purl.obolibrary.org/obo/HP_0000528";"60";"false";"false"
"pancreas replaced by transplant";"Status post organ transplantation";"http://purl.obolibrary.org/obo/HP_0032444";"57.78";"false";"false"
"organ or tissue replaced by transplant intestines";"Status post organ transplantation";"http://purl.obolibrary.org/obo/HP_0032444";"58.62";"false";"false"
"organ or tissue replaced by other means";"Status post organ transplantation";"http://purl.obolibrary.org/obo/HP_0032444";"46.51";"false";"false"
"lens replaced by other means";"Cataract";"http://purl.obolibrary.org/obo/HP_0000518";"48";"false";"false"
"heart replaced by other means";"Tachycardia";"http://purl.obolibrary.org/obo/HP_0001649";"55.17";"false";"false"
"organ or tissue replaced by other means heart assist device";"Cirrhosis";"http://purl.obolibrary.org/obo/HP_0001394";"46.91";"false";"false"
"organ or tissue replaced by other means fully implantable artificial heart";"Fatty replacement of ventricular myocardial tissue";"http://purl.obolibrary.org/obo/HP_0031317";"51.61";"false";"false"
"heart valve replaced by other means";"Abnormal heart valve morphology";"http://purl.obolibrary.org/obo/HP_0001654";"53.66";"false";"false"
"blood vessel replaced by other means";"Attenuation of retinal blood vessels";"http://purl.obolibrary.org/obo/HP_0007843";"62.75";"false";"false"
"other multiple mates all liveborn born in hospital";"Maternal anticardiolipin antibody positive";"http://purl.obolibrary.org/obo/HP_0012536";"41.67";"false";"false"
"cystostomy";"Stomatocytosis";"http://purl.obolibrary.org/obo/HP_0004446";"56";"false";"false"
"cutaneous-vesicostomy";"Osteoma cutis";"http://purl.obolibrary.org/obo/HP_0025027";"62.5";"false";"false"
"bladder replaced by other means";"Bladder duplication";"http://purl.obolibrary.org/obo/HP_0025489";"57.14";"false";"false"
"ileostomy status";"Osteoma cutis";"http://purl.obolibrary.org/obo/HP_0025027";"50";"false";"false"
"cystostomy status";"Stomatocytosis";"http://purl.obolibrary.org/obo/HP_0004446";"58.06";"false";"false"
"appendico-vesicostomy";"Torsion of appendix of testis";"http://purl.obolibrary.org/obo/HP_0033180";"53.33";"false";"false"
"other cystostomy";"Stomatocytosis";"http://purl.obolibrary.org/obo/HP_0004446";"56";"false";"false"
"other artificial opening of urinary tract status";"Urinary tract atresia";"http://purl.obolibrary.org/obo/HP_0000809";"57.14";"false";"false"
"automatic implantable cardiac defibrillator in situ";"Inclusion body fibromatosis";"http://purl.obolibrary.org/obo/HP_0025197";"52.31";"false";"false"
"cardiac pacemaker in situ";"Cardiac sarcoma";"http://purl.obolibrary.org/obo/HP_0031350";"54.05";"false";"false"
"cardiac device in situ";"Dextrocardia";"http://purl.obolibrary.org/obo/HP_0001651";"53.85";"false";"false"
"other multiple birth three or more mates all liveborn born in hospital delivered without mention of cesarean section";"Premature birth";"http://purl.obolibrary.org/obo/HP_0001622";"43.42";"false";"false"
"other specified cardiac device in situ";"Decreased circulating level of specific antibody";"http://purl.obolibrary.org/obo/HP_0012475";"48";"false";"false"
"postsurgical renal dialysis status";"Premature sternal synostosis";"http://purl.obolibrary.org/obo/HP_0006590";"50";"false";"false"
"renal dialysis status";"Renal steatosis";"http://purl.obolibrary.org/obo/HP_0000799";"62.86";"false";"false"
"acquired absence of breast and nipple";"Absent nipple";"http://purl.obolibrary.org/obo/HP_0002561";"60";"false";"false"
"noncompliance with renal dialysis";"Abnormality of the kidney";"http://purl.obolibrary.org/obo/HP_0000077";"57.89";"false";"false"
"presence of subdermal contraceptive implant";"Macrocephaly at birth";"http://purl.obolibrary.org/obo/HP_0004488";"49.44";"false";"false"
"cataract extraction status";"Cataract";"http://purl.obolibrary.org/obo/HP_0000518";"73.17";"false";"false"
"aortocoronary bypass status";"Coronary artery spasm";"http://purl.obolibrary.org/obo/HP_0025497";"53.06";"false";"false"
"percutaneous transluminal coronary angioplasty status";"Post-angioplasty coronary artery restenosis";"http://purl.obolibrary.org/obo/HP_0004761";"53.33";"false";"false"
"other multiple birth three or more mates all liveborn born in hospital delivered by cesarean section";"Premature birth";"http://purl.obolibrary.org/obo/HP_0001622";"42.65";"false";"false"
"insulin pump status";"Pustule";"http://purl.obolibrary.org/obo/HP_0200039";"51.61";"false";"false"
